rank,name,solved,recent
1=,dev_random,600+,144
1=,willhsmit,600+,16
1=,beta_projects,600+,17
1=,Stache,600+,2
1=,radeye,600+,3
1=,cmk,600+,3
1=,unime,600+,1
1=,al13n,600+,60
9,ving,593,15
10,(MarcusAndrews),591,414
11,binonunquineist,571,269
12,SlavaKabanovich,569,4
13,akdheirl,568,269
14,mathseal,558,49
15,ubiquitousgrape,539,49
16,DerekLedbetter,539,3
17,pyrolykos,521,13
18,(sivakd),520,129
19,aruff,513,134
20,(kingvash),502,217
21,Eigenray,493,333
22,phsr,486,141
23,devjoe,486,1
24,pwensing,480,190
25,ecnerwala,475,1
26,antwerpn,471,360
27,rprestezog,459,548
28,mathguy314,456,1106
29,amcalde,456,12
30,doctornick5,449,175
31,silver83p,448,6
32,Murphy,447,64
33,(jpaulson),446,15
34,(DjinnKahn),442,1580
35,neverforget,442,871
36,supdude1,437,1534
37,Robert_OConnor,437,18
38,thundre,433,1383
39,16777216,418,3
40,pismobiker,418,1
41,mckennar,417,339
42,moovybuf,415,0
43,(PeterW),413,381
44,mrauen,412,206
45,donhatch,410,302
46,oldpatzer,408,151
47,tcarr,401,5
48,nirenjan,397,1962
49,(Rapptz),397,667
50,modem,397,2
51,universalset,392,130
52,candells,390,67
53,Anton_Chigurh,387,19
54,bdolson,387,1
55,(ChamZord),384,2140
56,shazzam,379,1535
57,dgiaimo,379,77
58,(davin),376,1154
59,stevefr01,375,0
60,jboeing,373,667
61,navghtivs,372,107
62,(jake223),371,1
63,grantcarlson,368,105
64,Ben.Smallpox,367,1212
65,(kelvinator),367,58
66,mark,367,34
67,s.c.koehler,364,12
68,Anyun,362,2135
69,lackritz,359,0
70,CreativeUsername,358,317
71,diffeqkid,357,807
72,DanRoss53,356,496
73,jarsyl,356,414
74,(fahrbach),356,101
75,cdoumar,355,1966
76,eporter,355,1876
77,Zach-Lurf,355,15
78,Ryals,355,6
79,jarip,351,43
80,JohnMorris,349,57
81,adasgu,348,1885
82,(heteroing),346,2
83,4rm4g3dd0n,344,2157
84,rammek,344,21
85,(dgokman),344,17
86,whileTrue,342,1331
87,Googly,342,1270
88,thorfax,342,407
89,Lewin,341,376
90,henru_wang,334,72
91,bunderscore,334,71
92,mdm,333,9
93,lewanj,332,2617
94,MonkeyTheCode,332,1653
95,robot-dreams,331,0
96,xharfire,330,428
97,athenahealth,330,414
98,akimitsu,329,169
99,genemachine,328,2324
100,(nishanth17),328,53
101,jramanat,327,1330
102,(Jamie_),327,1018
103,(zandrewv),327,6
104,shadowx360,326,2409
105,LarryBlake,325,39
106,jwsiegel,325,8
107,dmitrybrant,324,2680
108,anythingapplied,321,12
109,chempro,320,704
110,quilan,319,268
111,Thiros,317,118
112,blakeney,315,100
113,lukasz_s,312,1273
114,blaisegassend,312,346
115,fizzix,311,464
116,(deansm),310,1
117,(kavigupta),310,0
118,BrianHuffman,309,2642
119,hdtscott,309,1231
120,Abe27342,309,71
121,NickMcG,308,2202
122,MrPoush,308,414
123,wakkadojo,308,129
124,smacke,305,98
125,mp1,304,819
126,arbrad,303,463
127,godmar,303,173
128,amling,301,2835
129,vvenkai,301,600
130,nwalton125,301,108
131,Tool,300,960
132,hexadoodle,300,0
133,GeneralRetard,298,2898
134,(cjqcjq),297,111
135,lomont,296,609
136,NabiNaga,295,115
137,krashman,294,1015
138,Schu-ism,294,19
139,ralphmerridew,293,2557
140,(Quadratic),292,26
141,jimbo_elephant,291,7
142,(markr),290,372
143,philiplu,290,10
144,whc67,289,1700
145,thesunmaster,289,582
146,rathmann,287,98
147,nybbler,286,2960
148,jdrandall123,286,2778
149,mcamac,286,53
150,Ted,285,35
151,tlesaul2,285,27
152,wilywampa,283,8
153,eric0511,281,2443
154,(catherd),281,213
155,CUViper,281,83
156,(vbrhjajcn),279,5
157,LeoTheAwesome,278,1732
158,nkbk,278,46
159,sizzzzlerz,277,2358
160,dmeng,276,252
161,bmcgarvey,275,965
162,msauhta,275,869
163,Atmospheric,275,593
164,TickaJules,275,101
165,jsshep93,275,15
166,(xleviator),274,200
167,RandyShane,273,1791
168,fredh,273,1296
169,lkkoller,273,810
170,kubluck,273,98
171,dshabes,272,427
172,jgrilly,271,2386
173,vamoose,271,1565
174,(james.echmalian),270,1511
175,excelgeek,269,266
176,fissional,269,253
177,(RadioChuck),268,524
178,mcslane,268,39
179,skybomb0,267,3117
180,dcclyde,267,208
181,karldray,266,162
182,(Bo102010),265,529
183,(nandor),263,3141
184,mdean,263,1
185,(enotpolaskun),262,1098
186,ecowarrior,262,591
187,fergemann,261,749
188,mvaneerde,261,690
189,xZork,261,525
190,bjm2144,261,61
191,eigenscalar,260,1297
192,JeffreyBosboom,260,1027
193,xantoscguin,260,373
194,howzat2,260,229
195,brownkenny,260,49
196,gman007,260,11
197,(manjulaiyer),259,1497
198,fahrenba,259,762
199,enrev,258,200
200,Swash,257,3008
201,blaise_pascal,257,2584
202,(smq),257,1595
203,yurip,256,2920
204,KenB,256,133
205,vorbis,255,491
206,jbrennen,255,481
207,qta,255,173
208,shocksteel,254,1141
209,rlindley,254,932
210,(tweedcap),254,912
211,losttribble,253,287
212,Abednego,253,182
213,1011010110110,253,67
214,wigie,252,227
215,mauro7inf,252,79
216,jrouse,252,24
217,vincezammit,251,2722
218,jbbower,251,236
219,tguinard,251,103
220,rcp2361,251,92
221,deisenst,250,3065
222,gechhesy,250,961
223,sdx96,250,482
224,quicksilver,250,136
225,slfotg,250,78
226,ipsin,249,799
227,malisper,249,612
228,rgao14,249,81
229,(CheeseLord),249,50
230,huntertrigger,248,1496
231,Nyarpy,248,1
232,antimatter,246,1816
233,frrad,246,828
234,texpletive,245,1483
235,abecker,244,472
236,tjohnson314,244,207
237,BartSalt,244,34
238,EclipseEnigma,244,14
239,burch,243,2138
240,michael.zahniser,243,1323
241,(ncmilder),243,505
242,lirkbald,243,451
243,eighthcoda,243,20
244,confluential,242,868
245,dbranscombe,242,693
246,(griphyn220),242,338
247,mathcounts4,242,34
248,SaberToothSlug,241,2297
249,GreekHouse,241,1493
250,ArtVark,241,255
251,grokus,240,2418
252,pbewig,240,1642
253,(0xE6),240,633
254,(Andy_Dienes),240,0
255,Dukkha,239,816
256,billbo2424,239,90
257,hweigel528,238,367
258,(kennethklinger),238,39
259,CBurkhart,238,31
260,gabrieller,237,2291
261,cjb,237,1970
262,(chsl95),237,177
263,skutin,236,2572
264,lnxprof,236,2132
265,paladin8,236,2014
266,stephen_weber,236,729
267,davidgillis,236,282
268,BoltonBailey,235,365
269,Morphie,235,31
270,alxcoh,235,26
271,foison,234,2724
272,xan,234,167
273,rlipsett,234,61
274,(szymczak),233,520
275,(edipusflex),233,437
276,lingomaniac88,233,106
277,joe.giuliani,233,61
278,sidhanth,231,1902
279,pzhon,231,1142
280,kjc,231,1005
281,koconnor,231,821
282,Mithander,231,672
283,NoHire,231,504
284,jefromi,229,2696
285,rmillika,229,2669
286,Valar_Dev,229,171
287,makhoma,229,132
288,mumps_masochist,228,1633
289,sontran16,228,1179
290,GoHawks,228,115
291,grahamholmes,228,64
292,waltervannini,227,1783
293,chulsky,227,306
294,jbum,227,212
295,mccaskey,227,48
296,zcxvbn,226,2448
297,dgf901,226,1093
298,pacman,226,917
299,nemtiax,226,441
300,dcterr,226,96
301,Jacob_Elafandi,226,89
302,Valdemarick,225,3453
303,btilly,225,2644
304,xack,225,2287
305,jquinn2,225,360
306,(livne),224,1483
307,(caelum02),224,44
308,sleepintegrity,223,2770
309,losingreallybadly,223,1269
310,ckthomas,223,180
311,benner4520,223,17
312,craig_ka,222,942
313,(louiehelm),222,574
314,demongolem,222,504
315,chahld,222,65
316,gerglo,222,0
317,Youjaes,221,3298
318,lcalc,221,2286
319,pinger,221,615
320,JammaB,221,572
321,tgp4,221,45
322,GraemeMcRae,220,1891
323,slicedclementines,220,222
324,Rfloyd01,220,150
325,nallen,219,2516
326,sivoh,219,2312
327,raykendo,219,2227
328,genwitt,219,1870
329,whoppercut,219,1236
330,dwalthour,219,643
331,svensen,219,450
332,gmgerken,219,325
333,jzheller,219,94
334,yli198,219,68
335,Zkid,219,47
336,dmj111,218,1472
337,samnolen,218,84
338,jfreiberg,218,41
339,homa_rano,217,1625
340,dhe128,217,1617
341,(steve98654),217,892
342,wartysoybean,217,314
343,ibid,217,207
344,(nimr0d),217,10
345,fibberts,216,1790
346,climberig,216,1388
347,jeek,216,282
348,rjaguar3,216,193
349,mchalek,215,171
350,etaoin,214,2694
351,Steve_Lucas,214,2427
352,merolish,214,1798
353,lilleswing,214,245
354,phob,214,117
355,MathIsAwesome,214,24
356,raphey,214,18
357,inqtaiwan,213,1620
358,tcs0717,213,1178
359,Stashio,213,391
360,montyn,213,156
361,KORENA,212,513
362,superb_owl,212,149
363,(dcoles),212,57
364,jdonavan,211,3316
365,russodd,211,2471
366,riceanalyst,211,1111
367,jrouse042,211,717
368,Glitch29,211,501
369,Dumbo52,211,311
370,icy001,210,2138
371,Eldaerin,210,1584
372,Hozat,210,1483
373,(cdmoen),210,207
374,Deathfire-san,210,136
375,joelsmith,210,95
376,wfdoran,210,10
377,hyperdex,209,2077
378,ThePower,209,1990
379,dzhou,209,1904
380,jkedgar,209,1772
381,Sunrunner1605,209,1754
382,BostonBear,209,1348
383,(ManuSBedi),209,1012
384,clauyan,209,988
385,hbgolze,209,768
386,browni3141,209,140
387,(bphillab),208,276
388,wndrobny,208,201
389,dawghaus,208,4
390,Varcho,208,2
391,(kenbrooker),208,0
392,wilsonmt,207,712
393,Oatmeat,207,406
394,ghurst,207,313
395,ExpHP,207,172
396,bruckner,207,6
397,woodchips,206,2113
398,outofthemadness,206,1238
399,geniusadam69,206,1036
400,ptarjan,206,715
401,marvel2010,206,683
402,dbatche3,206,584
403,amberite,206,363
404,acotis,206,297
405,katelyng,206,209
406,russellr,205,2314
407,sattui,205,615
408,JackODonohue,205,28
409,garble,204,3285
410,Alfredwolf,204,3020
411,(adamc123),204,2874
412,davidFashion,204,2436
413,dripton,204,1394
414,cryptofalker,204,143
415,nasmith99,204,125
416,ferret30,204,93
417,mlochbaum,203,2460
418,mtadd,203,1950
419,(marcelodebarros),203,1005
420,accatagon,203,913
421,byorgey,203,265
422,Derek_Clegg,203,47
423,ambrose,202,1298
424,lpsmith,202,1150
425,jaxon,202,1014
426,larsroe,202,869
427,(noah13),202,746
428,teekyman,202,407
429,dogbox,202,383
430,downtownknits,202,382
431,Eventhorizon,202,98
432,nsg,202,60
433,(matthewmcateer0),202,49
434,hacatu,202,29
435,moabird,202,1
436,jaimal.i,201,1631
437,zifmia,201,316
438,(r4ven),201,248
439,Forehead,201,75
440,xlearsi31,201,6
441,LarryBaum,200,3475
442,Cosmologicon,200,3412
443,kdmartin,200,3029
444,brandon-kp,200,2187
445,hedgehog3815,200,892
446,(ketankshukla),200,321
447,Snerd,200,13
448,jke67,199,441
449,tklalmighty,199,387
450,kemperb,198,2526
451,8h534d432,198,2254
452,glguy,198,2193
453,(korman),198,1874
454,Serinox,198,1088
455,saryakhran,198,231
456,blueyoshi321,198,25
457,westicles,197,2797
458,swellman,197,1921
459,danielf,197,489
460,yamazaki256,197,477
461,BobTheGreat,197,35
462,calypsonic,197,7
463,(pgcomp),197,7
464,ethanjl91,196,2209
465,vitaminz,196,600
466,qsari,196,309
467,GNFS,196,1
468,grogers,195,2660
469,atparrish,195,1837
470,un1,195,1126
471,thagg,195,890
472,gaussian_integer,195,769
473,wgpollock,195,287
474,gjanee,195,157
475,dbb3,195,15
476,normanus,195,6
477,Nyax,194,1800
478,uglander,194,645
479,kirkb,194,69
480,JamieCamardelle,193,2912
481,srnth,193,1626
482,Eigen20,193,1230
483,squidaction,193,211
484,jwpowell,193,192
485,Dikkemik,193,94
486,hell080185,192,1400
487,Iguana32,192,171
488,schreck,192,32
489,mumbler,191,2891
490,gangien,191,516
491,bsetzer,191,394
492,danmedani,191,205
493,troom,191,17
494,(Eric_Patton),190,1842
495,eulerShulgi2,190,678
496,benhummon,190,389
497,TJQIV,190,335
498,vscotto,190,168
499,ewheeler,189,2531
500,ARYoung65,189,2083
501,rcck81,189,1841
502,piac31,189,1809
503,fknauss,189,1645
504,(SteveBrooklineMA),189,1524
505,Chumpy,189,1173
506,augurar,189,858
507,ravdin,189,2
508,nonagon,188,1785
509,djk1076,188,1291
510,dirtlamb5,188,891
511,jschorr,188,526
512,awo,188,468
513,Alex52,188,0
514,markcrim,187,3742
515,tkeller,187,3336
516,mtchang,187,927
517,grovert,187,616
518,iamcaspian,186,3138
519,ricktheogre,186,2840
520,TimSun,186,1230
521,snchlsn,186,969
522,b49P23TIvg,186,214
523,champaignon,185,1633
524,aarora09,185,1002
525,JohnBP,185,785
526,jfirester,185,61
527,SageEuler,185,3
528,RockSunner,184,1725
529,DJJerome,184,1300
530,(jasper9876),184,854
531,Steve496,184,787
532,(zefrosnbrick),184,507
533,zachzane,184,394
534,jsemko,184,221
535,sligocki,184,140
536,JamesRauen,184,36
537,jeffbaumann,184,4
538,benhoch13,184,1
539,wtrotter,184,0
540,Spectre65535,183,2470
541,wdberkeley,183,1550
542,buckshot,183,1535
543,Lamira,183,1197
544,MathProf1618,183,1173
545,(ciphergoth),183,386
546,latkin,183,287
547,xloxk,183,271
548,aaymeloglu,183,191
549,atkins,183,159
550,intrepidcoder,183,142
551,alexdor,183,134
552,ultrakeet,183,88
553,BH4,183,83
554,(gblais),183,41
555,Tirian,182,3287
556,torgan,182,169
557,ArrayMaster3000,182,121
558,dstrite,181,2526
559,tgerdes,181,1826
560,zer0keefie,181,1281
561,dskabelund,181,52
562,sroot,181,7
563,incandenza,180,2452
564,paranoia,180,2377
565,(OldCIgarette),180,1819
566,ednerd,180,981
567,involution,180,357
568,heropup,180,281
569,nseward,180,225
570,mustelid,180,210
571,RikSm,180,134
572,(dgottner),180,68
573,noogiedunn,180,39
574,arpsmack,180,14
575,bigdaddy472,179,2340
576,vandermond,179,2210
577,zwilt3,179,1299
578,Queep,179,1237
579,argusdusty,179,1235
580,(recipito),179,999
581,(pheinrich),179,538
582,yred,179,332
583,daniellathrop,178,2850
584,(cconnett),178,2725
585,tehcranium,178,2462
586,Simantag,178,1934
587,ke9tv,178,615
588,Cosmic,178,562
589,edjah,178,170
590,ct075,178,69
591,ddgoff,178,16
592,qqphan,177,2350
593,panorama,177,1336
594,davmont,177,1043
595,ehymel,176,2374
596,spacemouse,176,1924
597,steelemd,176,1170
598,dominicktwitty,176,882
599,artemb,176,371
600,Steppenwolf99,176,5
601,cornelpg,175,3305
602,EddyFerreira,175,2761
603,yeeman,175,2196
604,nevralia,175,2166
605,joshuamillsma,175,1818
606,ArcadiaPerson,175,1085
607,cluj,175,1048
608,DaveBaum,175,639
609,humcalc216,175,141
610,rphenson,175,105
611,(jbuysse),175,99
612,tigrenok,175,28
613,danghoa1,174,1497
614,alef1,174,866
615,dharasty,174,866
616,damon_achey,174,507
617,adang1345,174,156
618,fgt10,173,2676
619,tcmotter,173,1393
620,etothepitimesi,173,1209
621,(prizmpromise),173,964
622,smeds1,173,342
623,kris.dude,173,211
624,bubblehead,172,2532
625,shummie,172,1939
626,feet32,172,1513
627,(nickolasandersen),172,1337
628,randall77,172,1137
629,hshearer,172,306
630,jstelly,172,291
631,doc_ou,172,196
632,gwrightnyc,172,26
633,theodoretliu,172,22
634,bcc32,172,18
635,mjstrube,171,1624
636,(Purogia),171,1143
637,jrue,171,1089
638,lewellen,171,1059
639,jm2421,171,903
640,(GlennHideaki),171,761
641,masonium,171,454
642,momentomori,171,244
643,gurpreet_09,171,164
644,(DavidBurgess1997),171,139
645,eskaug,171,70
646,euleria,170,2242
647,rtdavis22,170,1147
648,piepera,170,1118
649,Speydiana,170,1001
650,Zot95,170,827
651,jaxl,170,756
652,simplicio101,170,441
653,LisaC,170,335
654,(geoffreyiy1),170,277
655,awesomeusername,170,181
656,millin,169,2610
657,JPetersen,169,1892
658,wolfmurphy,169,1572
659,irchans,169,1560
660,morgoth1145,169,1294
661,schneidk,169,1254
662,sycal,169,1187
663,LucasBrown,169,436
664,yaks_hairbrush,169,320
665,Artemish,169,100
666,SuckItLipkin,169,83
667,kronion,169,7
668,flatebo,168,3330
669,joglers,168,2004
670,cgodbout,168,1875
671,hhh1001,168,1798
672,goneuler,168,1494
673,mbirchmeier,168,989
674,brainiac1530,168,837
675,Tureld,168,415
676,evanseverson,168,101
677,(RugbyRaizel),168,19
678,JoshD,167,2624
679,(mediaptera),167,1011
680,gte206w,167,460
681,Blenheim,167,429
682,nsheetz,167,341
683,(desaic),167,89
684,merlinnimue,167,54
685,(mrtollefson),166,2914
686,teoryn,166,2161
687,pieguy,166,2134
688,bg2b,166,1333
689,rbharvs,166,1078
690,rca,166,966
691,m42a,166,813
692,lisanke,166,715
693,preciselymb,166,660
694,tschultz,166,462
695,kvom,166,414
696,Dot,166,159
697,mndrake,166,137
698,countyguy,166,21
699,paero,165,3539
700,tugrul,165,2736
701,vasilyev,165,2409
702,ahauptma,165,930
703,Feryll,165,730
704,HowLongBeen,165,585
705,avi972,165,475
706,shendart,165,260
707,bbejot,165,13
708,brianshmrian,164,2155
709,DavidCarraher,164,2063
710,nbruno,164,1651
711,(mikelmcdaniel),164,1370
712,Eirik0,164,882
713,jprobin,164,183
714,(bednarz0),164,105
715,SirMrGuy,164,35
716,(paher),164,10
717,boneheadmef,164,5
718,(michael.s.emanuel),164,5
719,judygu,164,3
720,ychebotarev,163,2620
721,clarag,163,2289
722,HBaxter,163,1819
723,relativity,163,1818
724,ekman,163,1306
725,jweibley628,163,159
726,(gh314),163,113
727,mvkid,163,10
728,bunuelo,162,3852
729,shkoo,162,3169
730,hyperddude,162,1263
731,(Babamots),162,449
732,PerryJer1,162,181
733,CarbonFerrous,162,98
734,Gimmesumcredit,162,94
735,stinkycat,161,2015
736,SorcererofDM,161,1985
737,(drturnquist),161,1315
738,(Stunt10011),161,1296
739,stephenh,161,1084
740,(Murray65536),161,599
741,fourteenrivers,161,489
742,ruakh,161,429
743,mfeyg,161,38
744,timkostka,161,24
745,spdqbr,160,2516
746,ejo,160,2109
747,miken500,160,1971
748,dstbstr,160,1707
749,ll931110,160,1236
750,dclouti,160,761
751,janis,160,749
752,smrq,160,691
753,Duelist,160,670
754,pbyrnes,160,648
755,darebear,160,451
756,QuasiChameleon,160,304
757,bonenfan5ben,160,241
758,deinst,159,3959
759,shalter,159,2682
760,neyfam2000,159,1328
761,MrMathGeek,159,1226
762,msergeant,159,1212
763,hooded_paladin,159,1143
764,mallen84,159,478
765,kevmo314,159,294
766,(Recondite),159,30
767,krotty,158,2781
768,mnechyba,158,2462
769,jlewis42,158,1750
770,dacvs,158,1509
771,tsmaster,158,1397
772,weis,158,1352
773,slipkin,158,929
774,(steveburke),158,748
775,(rmudroch),158,582
776,sykora,158,580
777,(smenon.euler),158,524
778,robertel,158,421
779,pkoes,158,260
780,aspen8131,158,57
781,bottesini,158,4
782,macro,157,2773
783,Mr.Wizard,157,2398
784,(mojo1948),157,2223
785,(pianowow),157,2021
786,pannenkoek2012,157,1888
787,ebothwell,157,1784
788,srmagura,157,1774
789,MarkusQ,157,1207
790,bolte.17,157,1192
791,mike314,157,1126
792,bgwines,157,893
793,tfb,157,651
794,marsevern,157,455
795,Nik654,157,328
796,jhogan,157,297
797,skyroller,157,267
798,(Brian.Mellendorf),157,165
799,dmring,156,3282
800,ericj,156,3091
801,jorendorff,156,3064
802,yammerl,156,2226
803,js2357,156,1921
804,m1sterzer0,156,1471
805,thatch,156,1281
806,snydej,156,67
807,misterjay,156,22
808,AlanWE_332a5,156,4
809,piguy314159,156,0
810,scotwk,155,3418
811,mrkite,155,3312
812,Jason628,155,3050
813,jkadams,155,2971
814,dhermes,155,2615
815,politicalconfusion,155,2516
816,(bluekitty),155,1998
817,bal,155,1944
818,kvetter,155,1939
819,qbproger,155,1624
820,fasteddie,155,1517
821,MichaeLeroy,155,1189
822,McMartin,155,1125
823,peterlewhs,155,1109
824,puzzlepalace,155,776
825,naphren,155,768
826,michaellee94,155,652
827,(matthew.townsend),155,546
828,liub,155,377
829,jamarcus,155,274
830,hime,155,197
831,roxer94,155,89
832,dnormand,155,0
833,danielwallace,154,2458
834,Kazthor,154,2409
835,quinish,154,2205
836,Mike_Housky,154,1869
837,daidailanlan,154,1846
838,zukerman,154,1521
839,zhelu,154,1347
840,(bjaminn),154,1317
841,Wildman,154,1031
842,matzsoft,154,847
843,11111011101,154,356
844,gideonleeper,154,277
845,SheldonD,154,163
846,cjfred,154,110
847,Saif,153,2802
848,Tahnan,153,2131
849,cbeav,153,2094
850,JoseCuervo,153,1924
851,(kbdamm),153,1728
852,lvaughn,153,1705
853,drchung,153,1009
854,DrMarkPugner,153,745
855,JLLagrange,153,416
856,(David_Nickerson),153,321
857,(haxdogg),153,184
858,gvance,153,67
859,dswenson,153,30
860,platykurtic,152,3831
861,knightry,152,2903
862,cnffi,152,2233
863,martij4,152,2186
864,AbsoluteConvergence,152,2121
865,GeoffG,152,1958
866,Kevin_L,152,1783
867,davidxgardner,152,1683
868,vbay03,152,1639
869,maffoo,152,1613
870,bnsh,152,1560
871,aquach,152,1137
872,waremi,152,1132
873,dhao3300,152,1123
874,(wilcoxjay),152,1105
875,semi225599,152,1030
876,rst53804,152,883
877,curitre,152,557
878,aldesuda,152,376
879,KevinRawlings,152,299
880,ewccatch,152,172
881,mps,152,161
882,eparlin,152,14
883,Bubba,151,3456
884,phil_g,151,3052
885,aaronl,151,2551
886,Leaper,151,2208
887,zfrazier,151,1693
888,caess,151,1683
889,tessenate,151,1659
890,(anshuchimala),151,1516
891,WoodyWeaver,151,1510
892,ogbad,151,1352
893,bpheil,151,893
894,patricko,151,865
895,Ikcelaks,151,831
896,NateT,151,782
897,Milric,151,671
898,dougeuler2,151,533
899,dpark3542,151,297
900,kinetical,151,262
