rank,name,solved,recent
132,hexadoodle,300,0
254,(Andy_Dienes),240,0
316,gerglo,222,0
391,(kenbrooker),208,0
42,moovybuf,415,0
513,Alex52,188,0
539,wtrotter,184,0
59,stevefr01,375,0
69,lackritz,359,0
809,piguy314159,156,0
832,dnormand,155,0
95,robot-dreams,331,0
116,(deansm),310,1
184,mdean,263,1
1=,unime,600+,1
231,Nyarpy,248,1
23,devjoe,486,1
25,ecnerwala,475,1
40,pismobiker,418,1
435,moabird,202,1
467,GNFS,196,1
538,benhoch13,184,1
54,bdolson,387,1
62,(jake223),371,1
1=,Stache,600+,2
390,Varcho,208,2
507,ravdin,189,2
50,modem,397,2
82,(heteroing),346,2
16,DerekLedbetter,539,3
1=,cmk,600+,3
1=,radeye,600+,3
39,16777216,418,3
527,SageEuler,185,3
719,judygu,164,3
12,SlavaKabanovich,569,4
389,dawghaus,208,4
537,jeffbaumann,184,4
781,bottesini,158,4
808,AlanWE_332a5,156,4
156,(vbrhjajcn),279,5
47,tcarr,401,5
600,Steppenwolf99,176,5
717,boneheadmef,164,5
718,(michael.s.emanuel),164,5
103,(zandrewv),327,6
31,silver83p,448,6
396,bruckner,207,6
440,xlearsi31,201,6
476,normanus,195,6
78,Ryals,355,6
141,jimbo_elephant,291,7
462,calypsonic,197,7
463,(pgcomp),197,7
562,sroot,181,7
667,kronion,169,7
106,jwsiegel,325,8
152,wilywampa,283,8
92,mdm,333,9
143,philiplu,290,10
344,(nimr0d),217,10
376,wfdoran,210,10
716,(paher),164,10
727,mvkid,163,10
196,gman007,260,11
108,anythingapplied,321,12
29,amcalde,456,12
67,s.c.koehler,364,12
17,pyrolykos,521,13
447,Snerd,200,13
707,bbejot,165,13
238,EclipseEnigma,244,14
574,arpsmack,180,14
882,eparlin,152,14
165,jsshep93,275,15
33,(jpaulson),446,15
475,dbb3,195,15
77,Zach-Lurf,355,15
9,ving,593,15
1=,willhsmit,600+,16
591,ddgoff,178,16
1=,beta_projects,600+,17
311,benner4520,223,17
493,troom,191,17
85,(dgokman),344,17
356,raphey,214,18
37,Robert_OConnor,437,18
634,bcc32,172,18
138,Schu-ism,294,19
53,Anton_Chigurh,387,19
677,(RugbyRaizel),168,19
243,eighthcoda,243,20
698,countyguy,166,21
84,rammek,344,21
633,theodoretliu,172,22
807,misterjay,156,22
216,jrouse,252,24
355,MathIsAwesome,214,24
744,timkostka,161,24
456,blueyoshi321,198,25
140,(Quadratic),292,26
270,alxcoh,235,26
632,gwrightnyc,172,26
151,tlesaul2,285,27
408,JackODonohue,205,28
612,tigrenok,175,28
434,hacatu,202,29
766,(Recondite),159,30
859,dswenson,153,30
259,CBurkhart,238,31
269,Morphie,235,31
488,schreck,192,32
237,BartSalt,244,34
247,mathcounts4,242,34
66,mark,367,34
150,Ted,285,35
461,BobTheGreat,197,35
715,SirMrGuy,164,35
536,JamesRauen,184,36
743,mfeyg,161,38
105,LarryBlake,325,39
178,mcslane,268,39
258,(kennethklinger),238,39
573,noogiedunn,180,39
338,jfreiberg,218,41
554,(gblais),183,41
79,jarip,351,43
307,(caelum02),224,44
321,tgp4,221,45
158,nkbk,278,46
335,Zkid,219,47
422,Derek_Clegg,203,47
295,mccaskey,227,48
14,mathseal,558,49
15,ubiquitousgrape,539,49
195,brownkenny,260,49
433,(matthewmcateer0),202,49
229,(CheeseLord),249,50
561,dskabelund,181,52
100,(nishanth17),328,53
149,mcamac,286,53
684,merlinnimue,167,54
363,(dcoles),212,57
780,aspen8131,158,57
80,JohnMorris,349,57
65,(kelvinator),367,58
1=,al13n,600+,60
432,nsg,202,60
190,bjm2144,261,61
273,rlipsett,234,61
277,joe.giuliani,233,61
526,jfirester,185,61
291,grahamholmes,228,64
32,Murphy,447,64
315,chahld,222,65
213,1011010110110,253,67
52,candells,390,67
806,snydej,156,67
858,gvance,153,67
334,yli198,219,68
572,(dgottner),180,68
479,kirkb,194,69
590,ct075,178,69
645,eskaug,171,70
120,Abe27342,309,71
91,bunderscore,334,71
90,henru_wang,334,72
439,Forehead,201,75
57,dgiaimo,379,77
225,slfotg,250,78
215,mauro7inf,252,79
228,rgao14,249,81
155,CUViper,281,83
553,BH4,183,83
666,SuckItLipkin,169,83
337,samnolen,218,84
552,ultrakeet,183,88
301,Jacob_Elafandi,226,89
683,(desaic),167,89
831,roxer94,155,89
256,billbo2424,239,90
220,rcp2361,251,92
416,ferret30,204,93
333,jzheller,219,94
485,Dikkemik,193,94
734,Gimmesumcredit,162,94
375,joelsmith,210,95
300,dcterr,226,96
124,smacke,305,98
146,rathmann,287,98
170,kubluck,273,98
431,Eventhorizon,202,98
733,CarbonFerrous,162,98
611,(jbuysse),175,99
112,blakeney,315,100
665,Artemish,169,100
164,TickaJules,275,101
676,evanseverson,168,101
74,(fahrbach),356,101
219,tguinard,251,103
610,rphenson,175,105
63,grantcarlson,368,105
714,(bednarz0),164,105
276,lingomaniac88,233,106
61,navghtivs,372,107
130,nwalton125,301,108
846,cjfred,154,110
134,(cjqcjq),297,111
726,(gh314),163,113
136,NabiNaga,295,115
290,GoHawks,228,115
354,phob,214,117
111,Thiros,317,118
557,ArrayMaster3000,182,121
415,nasmith99,204,125
123,wakkadojo,308,129
18,(sivakd),520,129
51,universalset,392,130
287,makhoma,229,132
204,KenB,256,133
19,aruff,513,134
551,alexdor,183,134
571,RikSm,180,134
224,quicksilver,250,136
374,Deathfire-san,210,136
697,mndrake,166,137
644,(DavidBurgess1997),171,139
386,browni3141,209,140
535,sligocki,184,140
22,phsr,486,141
609,humcalc216,175,141
550,intrepidcoder,183,142
414,cryptofalker,204,143
1=,dev_random,600+,144
362,superb_owl,212,149
324,Rfloyd01,220,150
46,oldpatzer,408,151
360,montyn,213,156
617,adang1345,174,156
474,gjanee,195,157
549,atkins,183,159
696,Dot,166,159
725,jweibley628,163,159
881,mps,152,161
181,karldray,266,162
845,SheldonD,154,163
643,gurpreet_09,171,164
798,(Brian.Mellendorf),157,165
272,xan,234,167
498,vscotto,190,168
556,torgan,182,169
98,akimitsu,329,169
589,edjah,178,170
286,Valar_Dev,229,171
349,mchalek,215,171
487,Iguana32,192,171
395,ExpHP,207,172
880,ewccatch,152,172
127,godmar,303,173
207,qta,255,173
30,doctornick5,449,175
262,(chsl95),237,177
310,ckthomas,223,180
655,awesomeusername,170,181
732,PerryJer1,162,181
212,Abednego,253,182
713,jprobin,164,183
857,(haxdogg),153,184
24,pwensing,480,190
548,aaymeloglu,183,191
484,jwpowell,193,192
348,rjaguar3,216,193
631,doc_ou,172,196
830,hime,155,197
166,(xleviator),274,200
199,enrev,258,200
388,wndrobny,208,201
492,danmedani,191,205
44,mrauen,412,206
236,tjohnson314,244,207
343,ibid,217,207
373,(cdmoen),210,207
180,dcclyde,267,208
405,katelyng,206,209
570,mustelid,180,210
483,squidaction,193,211
623,kris.dude,173,211
294,jbum,227,212
154,(catherd),281,213
522,b49P23TIvg,186,214
20,(kingvash),502,217
534,jsemko,184,221
323,slicedclementines,220,222
569,nseward,180,225
214,wigie,252,227
194,howzat2,260,229
455,saryakhran,198,231
218,jbbower,251,236
757,bonenfan5ben,160,241
642,momentomori,171,244
353,lilleswing,214,245
438,(r4ven),201,248
160,dmeng,276,252
176,fissional,269,253
250,ArtVark,241,255
706,shendart,165,260
779,pkoes,158,260
900,kinetical,151,262
421,byorgey,203,265
175,excelgeek,269,266
797,skyroller,157,267
110,quilan,319,268
11,binonunquineist,571,269
13,akdheirl,568,269
547,xloxk,183,271
829,jamarcus,155,274
387,(bphillab),208,276
654,(geoffreyiy1),170,277
844,gideonleeper,154,277
568,heropup,180,281
267,davidgillis,236,282
347,jeek,216,282
211,losttribble,253,287
473,wgpollock,195,287
546,latkin,183,287
630,jstelly,172,291
765,kevmo314,159,294
404,acotis,206,297
796,jhogan,157,297
899,dpark3542,151,297
879,KevinRawlings,152,299
45,donhatch,410,302
756,QuasiChameleon,160,304
293,chulsky,227,306
629,hshearer,172,306
466,qsari,196,309
369,Dumbo52,211,311
394,ghurst,207,313
342,wartysoybean,217,314
437,zifmia,201,316
70,CreativeUsername,358,317
664,yaks_hairbrush,169,320
446,(ketankshukla),200,321
856,(David_Nickerson),153,321
332,gmgerken,219,325
795,Nik654,157,328
582,yred,179,332
21,Eigenray,493,333
497,TJQIV,190,335
653,LisaC,170,335
246,(griphyn220),242,338
41,mckennar,417,339
682,nsheetz,167,341
622,smeds1,173,342
114,blaisegassend,312,346
843,11111011101,154,356
567,involution,180,357
26,antwerpn,471,360
305,jquinn2,225,360
403,amberite,206,363
268,BoltonBailey,235,365
257,hweigel528,238,367
599,artemb,176,371
142,(markr),290,372
193,xantoscguin,260,373
878,aldesuda,152,376
89,Lewin,341,376
828,liub,155,377
43,(PeterW),413,381
430,downtownknits,202,382
429,dogbox,202,383
545,(ciphergoth),183,386
449,tklalmighty,199,387
496,benhummon,190,389
359,Stashio,213,391
491,bsetzer,191,394
533,zachzane,184,394
393,Oatmeat,207,406
428,teekyman,202,407
88,thorfax,342,407
10,(MarcusAndrews),591,414
122,MrPoush,308,414
695,kvom,166,414
73,jarsyl,356,414
97,athenahealth,330,414
675,Tureld,168,415
855,JLLagrange,153,416
778,robertel,158,421
171,dshabes,272,427
96,xharfire,330,428
681,Blenheim,167,429
742,ruakh,161,429
663,LucasBrown,169,436
275,(edipusflex),233,437
299,nemtiax,226,441
448,jke67,199,441
652,simplicio101,170,441
731,(Babamots),162,449
331,svensen,219,450
242,lirkbald,243,451
755,darebear,160,451
641,masonium,171,454
794,marsevern,157,455
680,gte206w,167,460
694,tschultz,166,462
126,arbrad,303,463
115,fizzix,311,464
512,awo,188,468
235,abecker,244,472
705,avi972,165,475
460,yamazaki256,197,477
764,mallen84,159,478
206,jbrennen,255,481
223,sdx96,250,482
459,danielf,197,489
741,fourteenrivers,161,489
205,vorbis,255,491
72,DanRoss53,356,496
368,Glitch29,211,501
283,NoHire,231,504
314,demongolem,222,504
241,(ncmilder),243,505
532,(zefrosnbrick),184,507
616,damon_achey,174,507
361,KORENA,212,513
490,gangien,191,516
274,(szymczak),233,520
177,(RadioChuck),268,524
777,(smenon.euler),158,524
189,xZork,261,525
511,jschorr,188,526
182,(Bo102010),265,529
898,dougeuler2,151,533
581,(pheinrich),179,538
827,(matthew.townsend),155,546
27,rprestezog,459,548
877,curitre,152,557
588,Cosmic,178,562
320,JammaB,221,572
313,(louiehelm),222,574
776,sykora,158,580
145,thesunmaster,289,582
775,(rmudroch),158,582
402,dbatche3,206,584
704,HowLongBeen,165,585
186,ecowarrior,262,591
163,Atmospheric,275,593
740,(Murray65536),161,599
129,vvenkai,301,600
465,vitaminz,196,600
135,lomont,296,609
227,malisper,249,612
319,pinger,221,615
407,sattui,205,615
587,ke9tv,178,615
517,grovert,187,616
253,(0xE6),240,633
608,DaveBaum,175,639
330,dwalthour,219,643
478,uglander,194,645
754,pbyrnes,160,648
793,tfb,157,651
826,michaellee94,155,652
693,preciselymb,166,660
49,(Rapptz),397,667
60,jboeing,373,667
753,Duelist,160,670
897,Milric,151,671
282,Mithander,231,672
495,eulerShulgi2,190,678
401,marvel2010,206,683
188,mvaneerde,261,690
752,smrq,160,691
245,dbranscombe,242,693
109,chempro,320,704
392,wilsonmt,207,712
400,ptarjan,206,715
692,lisanke,166,715
367,jrouse042,211,717
266,stephen_weber,236,729
703,Feryll,165,730
854,DrMarkPugner,153,745
427,(noah13),202,746
774,(steveburke),158,748
187,fergemann,261,749
751,janis,160,749
651,jaxl,170,756
640,(GlennHideaki),171,761
750,dclouti,160,761
198,fahrenba,259,762
385,hbgolze,209,768
825,naphren,155,768
472,gaussian_integer,195,769
824,puzzlepalace,155,776
896,NateT,151,782
525,JohnBP,185,785
531,Steve496,184,787
226,ipsin,249,799
71,diffeqkid,357,807
169,lkkoller,273,810
691,m42a,166,813
255,Dukkha,239,816
125,mp1,304,819
281,koconnor,231,821
650,Zot95,170,827
233,frrad,246,828
895,Ikcelaks,151,831
674,brainiac1530,168,837
842,matzsoft,154,847
530,(jasper9876),184,854
506,augurar,189,858
894,patricko,151,865
614,alef1,174,866
615,dharasty,174,866
244,confluential,242,868
162,msauhta,275,869
426,larsroe,202,869
35,neverforget,442,871
598,dominicktwitty,176,882
712,Eirik0,164,882
876,rst53804,152,883
471,thagg,195,890
510,dirtlamb5,188,891
341,(steve98654),217,892
445,hedgehog3815,200,892
792,bgwines,157,893
893,bpheil,151,893
639,jm2421,171,903
210,(tweedcap),254,912
420,accatagon,203,913
298,pacman,226,917
516,mtchang,187,927
773,slipkin,158,929
702,ahauptma,165,930
209,rlindley,254,932
312,craig_ka,222,942
131,Tool,300,960
222,gechhesy,250,961
621,(prizmpromise),173,964
161,bmcgarvey,275,965
690,rca,166,966
521,snchlsn,186,969
566,ednerd,180,981
384,clauyan,209,988
673,mbirchmeier,168,989
580,(recipito),179,999
649,Speydiana,170,1001
524,aarora09,185,1002
280,kjc,231,1005
419,(marcelodebarros),203,1005
853,drchung,153,1009
679,(mediaptera),167,1011
383,(ManuSBedi),209,1012
425,jaxon,202,1014
137,krashman,294,1015
102,(Jamie_),327,1018
192,JeffreyBosboom,260,1027
875,semi225599,152,1030
841,Wildman,154,1031
399,geniusadam69,206,1036
594,davmont,177,1043
607,cluj,175,1048
638,lewellen,171,1059
689,rbharvs,166,1078
739,stephenh,161,1084
606,ArcadiaPerson,175,1085
454,Serinox,198,1088
637,jrue,171,1089
297,dgf901,226,1093
185,(enotpolaskun),262,1098
874,(wilcoxjay),152,1105
28,mathguy314,456,1106
823,peterlewhs,155,1109
366,riceanalyst,211,1111
648,piepera,170,1118
873,dhao3300,152,1123
822,McMartin,155,1125
470,un1,195,1126
791,mike314,157,1126
872,waremi,152,1132
628,randall77,172,1137
871,aquach,152,1137
208,shocksteel,254,1141
279,pzhon,231,1142
636,(Purogia),171,1143
763,hooded_paladin,159,1143
647,rtdavis22,170,1147
424,lpsmith,202,1150
58,(davin),376,1154
597,steelemd,176,1170
505,Chumpy,189,1173
544,MathProf1618,183,1173
358,tcs0717,213,1178
289,sontran16,228,1179
662,sycal,169,1187
821,MichaeLeroy,155,1189
790,bolte.17,157,1192
543,Lamira,183,1197
789,MarkusQ,157,1207
620,etothepitimesi,173,1209
64,Ben.Smallpox,367,1212
762,msergeant,159,1212
761,MrMathGeek,159,1226
482,Eigen20,193,1230
520,TimSun,186,1230
119,hdtscott,309,1231
579,argusdusty,179,1235
329,whoppercut,219,1236
749,ll931110,160,1236
578,Queep,179,1237
398,outofthemadness,206,1238
661,schneidk,169,1254
730,hyperddude,162,1263
309,losingreallybadly,223,1269
87,Googly,342,1270
113,lukasz_s,312,1273
560,zer0keefie,181,1281
805,thatch,156,1281
509,djk1076,188,1291
660,morgoth1145,169,1294
168,fredh,273,1296
738,(Stunt10011),161,1296
191,eigenscalar,260,1297
423,ambrose,202,1298
577,zwilt3,179,1299
529,DJJerome,184,1300
724,ekman,163,1306
737,(drturnquist),161,1315
840,(bjaminn),154,1317
240,michael.zahniser,243,1323
760,neyfam2000,159,1328
101,jramanat,327,1330
86,whileTrue,342,1331
688,bg2b,166,1333
593,panorama,177,1336
627,(nickolasandersen),172,1337
839,zhelu,154,1347
382,BostonBear,209,1348
772,weis,158,1352
892,ogbad,151,1352
711,(mikelmcdaniel),164,1370
38,thundre,433,1383
346,climberig,216,1388
619,tcmotter,173,1393
413,dripton,204,1394
771,tsmaster,158,1397
486,hell080185,192,1400
804,m1sterzer0,156,1471
336,dmj111,218,1472
234,texpletive,245,1483
306,(livne),224,1483
372,Hozat,210,1483
249,GreekHouse,241,1493
672,goneuler,168,1494
230,huntertrigger,248,1496
197,(manjulaiyer),259,1497
613,danghoa1,174,1497
770,dacvs,158,1509
891,WoodyWeaver,151,1510
174,(james.echmalian),270,1511
626,feet32,172,1513
890,(anshuchimala),151,1516
820,fasteddie,155,1517
838,zukerman,154,1521
504,(SteveBrooklineMA),189,1524
36,supdude1,437,1534
542,buckshot,183,1535
56,shazzam,379,1535
541,wdberkeley,183,1550
659,irchans,169,1560
870,bnsh,152,1560
173,vamoose,271,1565
658,wolfmurphy,169,1572
34,(DjinnKahn),442,1580
371,Eldaerin,210,1584
202,(smq),257,1595
869,maffoo,152,1613
340,dhe128,217,1617
357,inqtaiwan,213,1620
635,mjstrube,171,1624
819,qbproger,155,1624
339,homa_rano,217,1625
481,srnth,193,1626
436,jaimal.i,201,1631
288,mumps_masochist,228,1633
523,champaignon,185,1633
868,vbay03,152,1639
252,pbewig,240,1642
503,fknauss,189,1645
710,nbruno,164,1651
94,MonkeyTheCode,332,1653
889,tessenate,151,1659
867,davidxgardner,152,1683
888,caess,151,1683
887,zfrazier,151,1693
144,whc67,289,1700
852,lvaughn,153,1705
748,dstbstr,160,1707
528,RockSunner,184,1725
851,(kbdamm),153,1728
157,LeoTheAwesome,278,1732
769,jlewis42,158,1750
381,Sunrunner1605,209,1754
380,jkedgar,209,1772
788,srmagura,157,1774
292,waltervannini,227,1783
866,Kevin_L,152,1783
787,ebothwell,157,1784
508,nonagon,188,1785
345,fibberts,216,1790
167,RandyShane,273,1791
352,merolish,214,1798
671,hhh1001,168,1798
477,Nyax,194,1800
502,piac31,189,1809
232,antimatter,246,1816
605,joshuamillsma,175,1818
723,relativity,163,1818
565,(OldCIgarette),180,1819
722,HBaxter,163,1819
559,tgerdes,181,1826
469,atparrish,195,1837
501,rcck81,189,1841
494,(Eric_Patton),190,1842
837,daidailanlan,154,1846
836,Mike_Housky,154,1869
328,genwitt,219,1870
453,(korman),198,1874
670,cgodbout,168,1875
76,eporter,355,1876
81,adasgu,348,1885
786,pannenkoek2012,157,1888
322,GraemeMcRae,220,1891
657,JPetersen,169,1892
278,sidhanth,231,1902
379,dzhou,209,1904
458,swellman,197,1921
803,js2357,156,1921
596,spacemouse,176,1924
850,JoseCuervo,153,1924
586,Simantag,178,1934
625,shummie,172,1939
818,kvetter,155,1939
817,bal,155,1944
418,mtadd,203,1950
865,GeoffG,152,1958
48,nirenjan,397,1962
75,cdoumar,355,1966
261,cjb,237,1970
747,miken500,160,1971
736,SorcererofDM,161,1985
378,ThePower,209,1990
816,(bluekitty),155,1998
669,joglers,168,2004
265,paladin8,236,2014
735,stinkycat,161,2015
785,(pianowow),157,2021
709,DavidCarraher,164,2063
377,hyperdex,209,2077
500,ARYoung65,189,2083
849,cbeav,153,2094
746,ejo,160,2109
397,woodchips,206,2113
864,AbsoluteConvergence,152,2121
848,Tahnan,153,2131
264,lnxprof,236,2132
687,pieguy,166,2134
68,Anyun,362,2135
239,burch,243,2138
370,icy001,210,2138
55,(ChamZord),384,2140
708,brianshmrian,164,2155
83,4rm4g3dd0n,344,2157
686,teoryn,166,2161
604,nevralia,175,2166
863,martij4,152,2186
444,brandon-kp,200,2187
452,glguy,198,2193
603,yeeman,175,2196
121,NickMcG,308,2202
835,quinish,154,2205
886,Leaper,151,2208
464,ethanjl91,196,2209
576,vandermond,179,2210
784,(mojo1948),157,2223
802,yammerl,156,2226
327,raykendo,219,2227
862,cnffi,152,2233
646,euleria,170,2242
451,8h534d432,198,2254
318,lcalc,221,2286
304,xack,225,2287
721,clarag,163,2289
260,gabrieller,237,2291
248,SaberToothSlug,241,2297
326,sivoh,219,2312
406,russellr,205,2314
99,genemachine,328,2324
575,bigdaddy472,179,2340
592,qqphan,177,2350
159,sizzzzlerz,277,2358
595,ehymel,176,2374
564,paranoia,180,2377
172,jgrilly,271,2386
783,Mr.Wizard,157,2398
104,shadowx360,326,2409
701,vasilyev,165,2409
834,Kazthor,154,2409
251,grokus,240,2418
351,Steve_Lucas,214,2427
412,davidFashion,204,2436
153,eric0511,281,2443
296,zcxvbn,226,2448
563,incandenza,180,2452
833,danielwallace,154,2458
417,mlochbaum,203,2460
585,tehcranium,178,2462
768,mnechyba,158,2462
540,Spectre65535,183,2470
365,russodd,211,2471
325,nallen,219,2516
745,spdqbr,160,2516
815,politicalconfusion,155,2516
450,kemperb,198,2526
558,dstrite,181,2526
499,ewheeler,189,2531
624,bubblehead,172,2532
885,aaronl,151,2551
139,ralphmerridew,293,2557
263,skutin,236,2572
201,blaise_pascal,257,2584
656,millin,169,2610
814,dhermes,155,2615
93,lewanj,332,2617
720,ychebotarev,163,2620
678,JoshD,167,2624
118,BrianHuffman,309,2642
303,btilly,225,2644
468,grogers,195,2660
285,rmillika,229,2669
618,fgt10,173,2676
107,dmitrybrant,324,2680
759,shalter,159,2682
350,etaoin,214,2694
284,jefromi,229,2696
217,vincezammit,251,2722
271,foison,234,2724
584,(cconnett),178,2725
700,tugrul,165,2736
602,EddyFerreira,175,2761
308,sleepintegrity,223,2770
782,macro,157,2773
148,jdrandall123,286,2778
767,krotty,158,2781
457,westicles,197,2797
847,Saif,153,2802
128,amling,301,2835
519,ricktheogre,186,2840
583,daniellathrop,178,2850
411,(adamc123),204,2874
489,mumbler,191,2891
133,GeneralRetard,298,2898
861,knightry,152,2903
480,JamieCamardelle,193,2912
685,(mrtollefson),166,2914
203,yurip,256,2920
147,nybbler,286,2960
813,jkadams,155,2971
200,Swash,257,3008
410,Alfredwolf,204,3020
443,kdmartin,200,3029
812,Jason628,155,3050
884,phil_g,151,3052
801,jorendorff,156,3064
221,deisenst,250,3065
800,ericj,156,3091
179,skybomb0,267,3117
518,iamcaspian,186,3138
183,(nandor),263,3141
729,shkoo,162,3169
799,dmring,156,3282
409,garble,204,3285
555,Tirian,182,3287
317,Youjaes,221,3298
601,cornelpg,175,3305
811,mrkite,155,3312
364,jdonavan,211,3316
668,flatebo,168,3330
515,tkeller,187,3336
442,Cosmologicon,200,3412
810,scotwk,155,3418
302,Valdemarick,225,3453
883,Bubba,151,3456
441,LarryBaum,200,3475
699,paero,165,3539
514,markcrim,187,3742
860,platykurtic,152,3831
728,bunuelo,162,3852
758,deinst,159,3959
